distance_l0,distance_l1,distance_l2,distance_linf,validity
10.0,0.43663039803504944,0.14858806133270264,0.057497940957546234,1.0
